{
  "assetsByChunkName": {
    "vendors~app-account~app-confirmation~app-order": "chunk.9b0f36aaf21fc3fc38fb.js",
    "vendors~app-account~app-checkout": "chunk.3087645128a8872d3c89.js",
    "vendors~app-cart~app-checkout": "chunk.76626845287774946e7d.js",
    "admin": [
      "admin.76ba8361aed8c7e433a2.js",
      "admin.76ba8361aed8c7e433a2.js.map"
    ],
    "app-account": "chunk.d76250024d597f8a8531.js",
    "app-checkout": "chunk.2047900d96361aab5d5c.js",
    "app-confirmation": "chunk.efee93a03c55f4d42596.js",
    "checkout": [
      "checkout.1c1c59a7e73fa00726b4.js",
      "checkout.1c1c59a7e73fa00726b4.js.map"
    ],
    "storefront": [
      "storefront.dcd2240949b33a1bd312.css",
      "storefront.3de2e144ba3e944b6b65.js",
      "storefront.dcd2240949b33a1bd312.css.map",
      "storefront.3de2e144ba3e944b6b65.js.map"
    ],
    "vendors~app-cart": "chunk.1db47d776ee4c105222b.js",
    "vendors~app-order": "chunk.e38ea9fea3b0793dd0d0.js"
  }
}